firstname;lastname;password;username;email
HR001;ANDI;123456;andi;andi@gmail.com
HR002;ANI;123456;ani;ani@gmail.com
HR003;BUDI;123456;budi;budi@gmail.com
HR004;PUTRA;123456;putra;putra@gmail.com
HT001;MARYAM;123456;maryam;maryam@gmail.com
HT002;ADI;123456;adi;adi@gmail.com
HSE001;MAJID;123456;majid;majid@gmail.com
HSE002;SANI;123456;sani;sani@gmail.com
